{
  "tipo": "equity",
  "replica_id": 10,
  "phi_iniziale": 0.10896899943628101,
  "phi_finale": 0.9972348301397617,
  "tempo_collasso": 1.7826752488079582,
  "delta_phi": 0.8882658307034806,
  "skewness_ampiezze": 0.0,
  "parametri": {
    "N": 100,
    "epsilon": 0.05,
    "seed": 10042
  }
}