{
  "tipo": "equity",
  "replica_id": 7,
  "phi_iniziale": 0.03159013916974369,
  "phi_finale": 0.9981352260523947,
  "tempo_collasso": 1.9668389187744226,
  "delta_phi": 0.966545086882651,
  "skewness_ampiezze": 0.0,
  "parametri": {
    "N": 100,
    "epsilon": 0.05,
    "seed": 7042
  }
}