{
  "tipo": "equity",
  "replica_id": 14,
  "phi_iniziale": 0.10201632482141797,
  "phi_finale": 0.9918541527109741,
  "tempo_collasso": 2.105164529614528,
  "delta_phi": 0.8898378278895561,
  "skewness_ampiezze": 0.0,
  "parametri": {
    "N": 100,
    "epsilon": 0.05,
    "seed": 14042
  }
}