{
  "tipo": "equity",
  "replica_id": 23,
  "phi_iniziale": 0.09131857331151025,
  "phi_finale": 0.9981832045301294,
  "tempo_collasso": 1.9270407171501824,
  "delta_phi": 0.9068646312186192,
  "skewness_ampiezze": 0.0,
  "parametri": {
    "N": 100,
    "epsilon": 0.05,
    "seed": 23042
  }
}