{
  "tipo": "equity",
  "replica_id": 25,
  "phi_iniziale": 0.02396838513164157,
  "phi_finale": 0.9968900059716471,
  "tempo_collasso": 1.5399155109993714,
  "delta_phi": 0.9729216208400056,
  "skewness_ampiezze": 0.0,
  "parametri": {
    "N": 100,
    "epsilon": 0.05,
    "seed": 25042
  }
}