{
  "tipo": "equity",
  "replica_id": 27,
  "phi_iniziale": 0.09046903592837585,
  "phi_finale": 0.9917262305913772,
  "tempo_collasso": 1.7128428963111033,
  "delta_phi": 0.9012571946630014,
  "skewness_ampiezze": 0.0,
  "parametri": {
    "N": 100,
    "epsilon": 0.05,
    "seed": 27042
  }
}