{
  "tipo": "equity",
  "replica_id": 29,
  "phi_iniziale": 0.07307107317433595,
  "phi_finale": 0.9999191452805634,
  "tempo_collasso": 1.9321148741023135,
  "delta_phi": 0.9268480721062274,
  "skewness_ampiezze": 0.0,
  "parametri": {
    "N": 100,
    "epsilon": 0.05,
    "seed": 29042
  }
}