{
  "tipo": "equity",
  "replica_id": 26,
  "phi_iniziale": 0.04011304353433156,
  "phi_finale": 0.9921503926770234,
  "tempo_collasso": 1.970088880820616,
  "delta_phi": 0.9520373491426919,
  "skewness_ampiezze": 0.0,
  "parametri": {
    "N": 100,
    "epsilon": 0.05,
    "seed": 26042
  }
}