{
  "tipo": "equity",
  "replica_id": 21,
  "phi_iniziale": 0.04974771901177808,
  "phi_finale": 0.9995783517260681,
  "tempo_collasso": 1.966803264957616,
  "delta_phi": 0.94983063271429,
  "skewness_ampiezze": 0.0,
  "parametri": {
    "N": 100,
    "epsilon": 0.05,
    "seed": 21042
  }
}