{
  "tipo": "equity",
  "replica_id": 32,
  "phi_iniziale": 0.12492559740214206,
  "phi_finale": 0.994754598300179,
  "tempo_collasso": 1.7604727592242633,
  "delta_phi": 0.8698290008980369,
  "skewness_ampiezze": 0.0,
  "parametri": {
    "N": 100,
    "epsilon": 0.05,
    "seed": 32042
  }
}