{
  "tipo": "equity",
  "replica_id": 37,
  "phi_iniziale": 0.11277424168816415,
  "phi_finale": 0.9964384413166494,
  "tempo_collasso": 1.7299344486522952,
  "delta_phi": 0.8836641996284852,
  "skewness_ampiezze": 0.0,
  "parametri": {
    "N": 100,
    "epsilon": 0.05,
    "seed": 37042
  }
}