{
  "tipo": "equity",
  "replica_id": 47,
  "phi_iniziale": 0.12613064223283077,
  "phi_finale": 0.9936652547569369,
  "tempo_collasso": 1.9714066537947905,
  "delta_phi": 0.8675346125241061,
  "skewness_ampiezze": 0.0,
  "parametri": {
    "N": 100,
    "epsilon": 0.05,
    "seed": 47042
  }
}