{
  "tipo": "equity",
  "replica_id": 42,
  "phi_iniziale": 0.16840373426917107,
  "phi_finale": 0.997304193065497,
  "tempo_collasso": 1.53780755911771,
  "delta_phi": 0.8289004587963259,
  "skewness_ampiezze": 0.0,
  "parametri": {
    "N": 100,
    "epsilon": 0.05,
    "seed": 42042
  }
}