{
  "tipo": "equity",
  "replica_id": 48,
  "phi_iniziale": 0.07187086667445038,
  "phi_finale": 0.9922838543803313,
  "tempo_collasso": 1.6607088664846337,
  "delta_phi": 0.9204129877058809,
  "skewness_ampiezze": 0.0,
  "parametri": {
    "N": 100,
    "epsilon": 0.05,
    "seed": 48042
  }
}