{
  "tipo": "equity",
  "replica_id": 38,
  "phi_iniziale": 0.06736098827560642,
  "phi_finale": 0.9984538103343483,
  "tempo_collasso": 1.7436929421690748,
  "delta_phi": 0.9310928220587419,
  "skewness_ampiezze": 0.0,
  "parametri": {
    "N": 100,
    "epsilon": 0.05,
    "seed": 38042
  }
}