{
  "tipo": "equity",
  "replica_id": 34,
  "phi_iniziale": 0.16388533305722697,
  "phi_finale": 0.9936014389856379,
  "tempo_collasso": 1.787812060255853,
  "delta_phi": 0.8297161059284109,
  "skewness_ampiezze": 0.0,
  "parametri": {
    "N": 100,
    "epsilon": 0.05,
    "seed": 34042
  }
}