{
  "tipo": "equity",
  "replica_id": 30,
  "phi_iniziale": 0.027506109716722054,
  "phi_finale": 0.999961443109988,
  "tempo_collasso": 1.8841102986894376,
  "delta_phi": 0.972455333393266,
  "skewness_ampiezze": 0.0,
  "parametri": {
    "N": 100,
    "epsilon": 0.05,
    "seed": 30042
  }
}