{
  "tipo": "equity",
  "replica_id": 16,
  "phi_iniziale": 0.0850585107851402,
  "phi_finale": 0.9971685968633976,
  "tempo_collasso": 1.9436915297426383,
  "delta_phi": 0.9121100860782574,
  "skewness_ampiezze": 0.0,
  "parametri": {
    "N": 100,
    "epsilon": 0.05,
    "seed": 16042
  }
}