{
  "tipo": "equity",
  "replica_id": 28,
  "phi_iniziale": 0.14235512322512262,
  "phi_finale": 0.9926858651844315,
  "tempo_collasso": 1.8591360951339448,
  "delta_phi": 0.8503307419593089,
  "skewness_ampiezze": 0.0,
  "parametri": {
    "N": 100,
    "epsilon": 0.05,
    "seed": 28042
  }
}