{
  "tipo": "equity",
  "replica_id": 1,
  "phi_iniziale": 0.10928591610393919,
  "phi_finale": 0.9951926406244733,
  "tempo_collasso": 1.9887301218031608,
  "delta_phi": 0.8859067245205341,
  "skewness_ampiezze": 0.0,
  "parametri": {
    "N": 100,
    "epsilon": 0.05,
    "seed": 1042
  }
}