{
  "tipo": "equity",
  "replica_id": 20,
  "phi_iniziale": 0.09412989061119195,
  "phi_finale": 0.9970590704478656,
  "tempo_collasso": 1.993551359143406,
  "delta_phi": 0.9029291798366736,
  "skewness_ampiezze": 0.0,
  "parametri": {
    "N": 100,
    "epsilon": 0.05,
    "seed": 20042
  }
}