{
  "tipo": "equity",
  "replica_id": 19,
  "phi_iniziale": 0.2514178812941712,
  "phi_finale": 0.998176042562784,
  "tempo_collasso": 1.8682907768448969,
  "delta_phi": 0.7467581612686128,
  "skewness_ampiezze": 0.0,
  "parametri": {
    "N": 100,
    "epsilon": 0.05,
    "seed": 19042
  }
}