{
  "tipo": "equity",
  "replica_id": 46,
  "phi_iniziale": 0.09567338773314332,
  "phi_finale": 0.9997271120485842,
  "tempo_collasso": 1.9593475587539795,
  "delta_phi": 0.904053724315441,
  "skewness_ampiezze": 0.0,
  "parametri": {
    "N": 100,
    "epsilon": 0.05,
    "seed": 46042
  }
}