{
  "tipo": "equity",
  "replica_id": 49,
  "phi_iniziale": 0.020351964400498367,
  "phi_finale": 0.9901054684050049,
  "tempo_collasso": 1.6761363103359728,
  "delta_phi": 0.9697535040045066,
  "skewness_ampiezze": 0.0,
  "parametri": {
    "N": 100,
    "epsilon": 0.05,
    "seed": 49042
  }
}