{
  "tipo": "equity",
  "replica_id": 11,
  "phi_iniziale": 0.13231197663993724,
  "phi_finale": 0.9914621817495372,
  "tempo_collasso": 1.8421360179606567,
  "delta_phi": 0.8591502051095999,
  "skewness_ampiezze": 0.0,
  "parametri": {
    "N": 100,
    "epsilon": 0.05,
    "seed": 11042
  }
}