{
  "tipo": "equity",
  "replica_id": 43,
  "phi_iniziale": 0.09719669604989048,
  "phi_finale": 0.995734855323786,
  "tempo_collasso": 1.6864222847586996,
  "delta_phi": 0.8985381592738956,
  "skewness_ampiezze": 0.0,
  "parametri": {
    "N": 100,
    "epsilon": 0.05,
    "seed": 43042
  }
}