{
  "tipo": "equity",
  "replica_id": 50,
  "phi_iniziale": 0.05348229360317281,
  "phi_finale": 0.991520749449274,
  "tempo_collasso": 1.6013495611870077,
  "delta_phi": 0.9380384558461012,
  "skewness_ampiezze": 0.0,
  "parametri": {
    "N": 100,
    "epsilon": 0.05,
    "seed": 50042
  }
}