{
  "tipo": "equity",
  "replica_id": 36,
  "phi_iniziale": 0.11274311925714728,
  "phi_finale": 0.9923202222634968,
  "tempo_collasso": 1.5619485393662251,
  "delta_phi": 0.8795771030063495,
  "skewness_ampiezze": 0.0,
  "parametri": {
    "N": 100,
    "epsilon": 0.05,
    "seed": 36042
  }
}