{
  "tipo": "equity",
  "replica_id": 33,
  "phi_iniziale": 0.17273946583987718,
  "phi_finale": 0.9940447453984106,
  "tempo_collasso": 1.5096069482789063,
  "delta_phi": 0.8213052795585334,
  "skewness_ampiezze": 0.0,
  "parametri": {
    "N": 100,
    "epsilon": 0.05,
    "seed": 33042
  }
}