{
  "tipo": "extractive",
  "replica_id": 36,
  "phi_iniziale": 0.18180561254075886,
  "phi_finale": 0.40890530168367967,
  "tempo_collasso": 2.172972300672859,
  "delta_phi": 0.2270996891429208,
  "skewness_ampiezze": 1.0033489825706787,
  "parametri": {
    "N": 100,
    "epsilon": 0.05,
    "seed": 36042
  }
}