{
  "tipo": "extractive",
  "replica_id": 30,
  "phi_iniziale": 0.10853568382752288,
  "phi_finale": 0.3129069575201934,
  "tempo_collasso": 2.18442916511202,
  "delta_phi": 0.2043712736926705,
  "skewness_ampiezze": 0.9347143047275588,
  "parametri": {
    "N": 100,
    "epsilon": 0.05,
    "seed": 30042
  }
}