{
  "tipo": "extractive",
  "replica_id": 22,
  "phi_iniziale": 0.31459024845104117,
  "phi_finale": 0.3047019439731471,
  "tempo_collasso": 2.0473985774252763,
  "delta_phi": -0.009888304477894072,
  "skewness_ampiezze": 1.815611374566216,
  "parametri": {
    "N": 100,
    "epsilon": 0.05,
    "seed": 22042
  }
}