{
  "tipo": "extractive",
  "replica_id": 44,
  "phi_iniziale": 0.4141745691054026,
  "phi_finale": 0.3065824830519883,
  "tempo_collasso": 2.0,
  "delta_phi": -0.1075920860534143,
  "skewness_ampiezze": 3.992332786082049,
  "parametri": {
    "N": 100,
    "epsilon": 0.05,
    "seed": 44042
  }
}