{
  "tipo": "extractive",
  "replica_id": 11,
  "phi_iniziale": 0.06623936974186274,
  "phi_finale": 0.13287971137673887,
  "tempo_collasso": 2.726524965057531,
  "delta_phi": 0.06664034163487613,
  "skewness_ampiezze": 0.5693702535222022,
  "parametri": {
    "N": 100,
    "epsilon": 0.05,
    "seed": 11042
  }
}