{
  "tipo": "extractive",
  "replica_id": 18,
  "phi_iniziale": 0.13739889698223914,
  "phi_finale": 0.3351729042703692,
  "tempo_collasso": 2.459365101600716,
  "delta_phi": 0.19777400728813008,
  "skewness_ampiezze": 1.66870781570228,
  "parametri": {
    "N": 100,
    "epsilon": 0.05,
    "seed": 18042
  }
}