{
  "timestamp": "2025-12-25_11-55-12",
  "num_repliche": 50,
  "tempo_esecuzione": 0.2342073917388916,
  "statistiche": {
    "equity": {
      "phi_medio": 0.995171103377961,
      "phi_std": 0.0029498751948789084,
      "phi_min": 0.9901054684050049,
      "phi_max": 0.999961443109988,
      "phi_cv": 0.29641889569200647,
      "tempo_medio": 1.8365744631253949,
      "tempo_std": 0.17233178501089277,
      "num_repliche": 50,
      "phi_valori": [
        0.9951926406244733,
        0.9923742157535717,
        0.9998680882871442,
        0.9992920863140105,
        0.9912781448250998,
        0.9944274688783796,
        0.9981352260523947,
        0.995070570832096,
        0.9981067353596791,
        0.9972348301397617,
        0.9914621817495372,
        0.9957507030537056,
        0.9922803885913002,
        0.9918541527109741,
        0.9919388623037998,
        0.9971685968633976,
        0.9980106721649994,
        0.9959180645386114,
        0.998176042562784,
        0.9970590704478656,
        0.9995783517260681,
        0.993157067615886,
        0.9981832045301294,
        0.9963923514343948,
        0.9968900059716471,
        0.9921503926770234,
        0.9917262305913772,
        0.9926858651844315,
        0.9999191452805634,
        0.999961443109988,
        0.9970875579832518,
        0.994754598300179,
        0.9940447453984106,
        0.9936014389856379,
        0.9940394198907315,
        0.9923202222634968,
        0.9964384413166494,
        0.9984538103343483,
        0.9926103243195776,
        0.9903578873995322,
        0.9992691068208768,
        0.997304193065497,
        0.995734855323786,
        0.9913555865019412,
        0.9926377417789037,
        0.9997271120485842,
        0.9936652547569369,
        0.9922838543803313,
        0.9901054684050049,
        0.991520749449274
      ],
      "tempo_valori": [
        1.9887301218031608,
        1.7111869462451856,
        1.8694764692082255,
        1.8911772833556395,
        1.9235637335673212,
        2.337305170901189,
        1.9668389187744226,
        1.864178338080426,
        1.7002191924137209,
        1.7826752488079582,
        1.8421360179606567,
        1.875641886452936,
        2.098821088828667,
        2.105164529614528,
        1.717719135796462,
        1.9436915297426383,
        2.034844445615195,
        1.7427649275840211,
        1.8682907768448969,
        1.993551359143406,
        1.966803264957616,
        1.8287643813202399,
        1.9270407171501824,
        1.6260548445307816,
        1.5399155109993714,
        1.970088880820616,
        1.7128428963111033,
        1.8591360951339448,
        1.9321148741023135,
        1.8841102986894376,
        2.208744787332162,
        1.7604727592242633,
        1.5096069482789063,
        1.787812060255853,
        1.9820624565237388,
        1.5619485393662251,
        1.7299344486522952,
        1.7436929421690748,
        1.9803635793666485,
        1.7483966035118024,
        1.665756257809812,
        1.53780755911771,
        1.6864222847586996,
        1.7133327810857437,
        1.83857131350415,
        1.9593475587539795,
        1.9714066537947905,
        1.6607088664846337,
        1.6761363103359728,
        1.6013495611870077
      ]
    },
    "extractive": {
      "phi_medio": 0.25018015170371366,
      "phi_std": 0.08636834100641552,
      "phi_min": 0.0925331821177231,
      "phi_max": 0.5,
      "phi_cv": 34.52245928314124,
      "tempo_medio": 2.2847960843596424,
      "tempo_std": 0.20489427766067742,
      "num_repliche": 50,
      "phi_valori": [
        0.3436390507383835,
        0.26334597395176307,
        0.16819180296905517,
        0.307600680934776,
        0.35552822397264516,
        0.15801464306283314,
        0.29549349614441245,
        0.5,
        0.19955544194211977,
        0.2988115222443822,
        0.13287971137673887,
        0.12464090050471047,
        0.3027403189994404,
        0.26056997701601653,
        0.40667841986805353,
        0.19515986877514044,
        0.2619852604884329,
        0.3351729042703692,
        0.31014452033094125,
        0.22133224764966625,
        0.1547199452108472,
        0.3047019439731471,
        0.34527796578895087,
        0.2318583250691239,
        0.21524832741226432,
        0.18839615585996994,
        0.23131583022046592,
        0.2989674458788571,
        0.0925331821177231,
        0.3129069575201934,
        0.2782573327311639,
        0.2977441067960394,
        0.3280242388754558,
        0.30602672287165006,
        0.1680113187624797,
        0.40890530168367967,
        0.1616120535083667,
        0.25410174959087456,
        0.2313880795746897,
        0.19084855826376812,
        0.27210653025407056,
        0.10385899459145914,
        0.23060084399521655,
        0.3065824830519883,
        0.09967916495528409,
        0.13905375962366723,
        0.2877500226696533,
        0.279818917216532,
        0.22341669772300085,
        0.12380966415522171
      ],
      "tempo_valori": [
        2.368319093596754,
        2.2760606710936595,
        2.3850709320527628,
        2.473072442291019,
        2.204969734586642,
        2.7655882205524702,
        2.0,
        2.284547596868428,
        2.2355255166267773,
        2.2874595718010315,
        2.726524965057531,
        2.343134623030906,
        2.0,
        2.5408933589240568,
        2.10189309922226,
        2.053778838446077,
        2.27167059263534,
        2.459365101600716,
        2.4678529694083635,
        2.0,
        2.5799260184395227,
        2.0473985774252763,
        2.0,
        2.4360209153101104,
        2.7024826642414683,
        2.2651660311710526,
        2.259767750963307,
        2.373921238601457,
        2.321771359588184,
        2.18442916511202,
        2.077263765993495,
        2.0895693915537477,
        2.1195447444341204,
        2.469782447920725,
        2.351352920568536,
        2.172972300672859,
        2.1714334199463767,
        2.098599130853729,
        2.1559172671015703,
        2.0,
        2.579286910141286,
        2.50667195038044,
        2.396066175206917,
        2.0,
        2.5128456687985974,
        2.4219340891844197,
        2.1483354766255154,
        2.2959665347945504,
        2.2556509751580363,
        2.0
      ]
    }
  },
  "confronto": {
    "differenza_phi": 0.7449909516742473,
    "rapporto_varianze": 857.238901797991,
    "rapporto_cv": 116.46510996725303
  },
  "verifica_ipotesi": {
    "equity_alto": true,
    "equity_stabile": true,
    "extractive_basso": true,
    "extractive_variabile": true,
    "collasso_2_3s": true
  }
}